id,classtype,name,ptid,place_type,pop_den_gross,pop_den_net,res_den_gross,res_den_net,res_den_use,res_den_use_acres,gross_detsf_ll_dens,gross_detsf_sl_dens,gross_attsf_dens,gross_mf_dens,net_detsf_ll_dens,net_detsf_sl_dens,net_attsf_dens,net_mf_dens,emp_den_gross,emp_den_net,emp_den_use,emp_use_acres,gross_ret_emp,gross_off_emp,gross_ind_emp,gross_ret_sqft,gross_off_sqft,gross_ind_sqft,net_ret_emp,net_off_emp,net_ind_emp,net_ret_sqft,net_off_sqft,net_ind_sqft,intersections_sqmi,intersections_ac,ind_off_perc_tot_jobs,parcel_sq_ft_ac,land_perc_mixed_use,land_perc_res,land_perc_emp,gross_bldg_sqft_detsf,gross_bldg_sqft_detsf_sl,gross_bldg_sqft_detsf_ll,gross_bldg_sqft_attsf,gross_bldg_sqft_mf,net_bldg_sqft_detsf,net_bldg_sqft_detsf_sl,net_bldg_sqft_detsf_ll,net_bldg_sqft_attsf,net_bldg_sqft_mf,gross_hh_ac,net_hh_ac,occupancy_rate,acres_parcel_res,acres_parcel_res_detsf,acres_detsf_sl_dens,acres_detsf_ll_dens,acres_attsf_dens,acres_mf_dens,acres_parcel_emp,acres_emp_off_dens,acres_emp_ret_dens,acres_emp_ind_dens,acres_parcel_emp_ag_dens,acres_parcel_emp_mixed_dens,acres_parcel_mixed_dens,acres_parcel_mixed_w_off_dens,acres_parcel_mixed_no_off_dens,acres_developable_dens,colorhex,color_r,color_g,color_b,res_electric_use_mwh_ac,comm_electric_use_mwh_ac,total_electric_use_mwh_ac,res_gas_use_therms_ac,comm_gas_use_therms_ac,total_gas_use_therms_ac,indoor_water_use_af_ac,outdoor_water_use_af_ac,total_water_use_af_ac,ghg_electric_mt_ac,ghg_gas_mt_ac,ghg_res_mt_ac,ghg_conm_mt_ac,ghg_total_mt_ac,ghg_per_resident,ghg_per_employee,res_com_area_sqft_gross,sm_office_sqft_gross,lg_office_sqft_gross,restaurant_sqft_gross,retail_sqft_gross,grocery_sqft_gross,school_sqft_gross,college_sqft_gross,health_sqft_gross,lodging_sqft_gross,misc_sqft_gross,industrial_sqft_gross,warehouse_sqft_gross,emp_ind_non_warehouse_gross,res_com_area_sqft_net,sm_office_sqft_net,lg_office_sqft_net,restaurant_sqft_net,retail_sqft_net,grocery_sqft_net,school_sqft_net,college_sqft_net,health_sqft_net,lodging_sqft_net,misc_sqft_net,industrial_sqft_net,warehouse_sqft_net,emp_ind_non_warehouse_net,res_irrigated_sqft_gross,com_irrigated_sqft_gross,res_irrigated_sqft_net,com_irrigated_sqft_net,emp_educ_gross,emp_educ_net
1,Mixed Use Centers & Corridors,Urban Mixed Use,1,Urban Mixed Use,195.37,352.87,93.94,169.67,219.43,0.4,0,0,0,93.94,0,0,0,169.67,340.95,615.82,615.82,0.55,29.1,311.85,0,16456.98,81509.54,0,52.56,563.26,0,29724.65,147222.76,0,200,0.28,1.65,27601.69,0.29,0.12,0.1,0,0,0,0,132376.84,0,0,0,0,239099.42,88.04,159.02,0.94,0,0,0,0,0,0,0.13,0.05,0,0,0,0.08,0.43,0.28,0.15,0.55,#940000,148,0,0,452.46,1606.48,2058.94,20930.67,26788.03,47718.7,29.69,0.84,30.54,758.34,252.43,277.37,733.4,1010.77,3.15,2.15,20085.93,1835.13,77439.12,858.23,5040.23,858.23,696.96,0,1289.38,7312.92,6375.41,0,0,0,36279.27,3314.61,139870.76,1550.13,9103.68,1550.13,1258.85,0,2328.87,13208.61,11515.29,0,0,0,614.97,557.98,1110.76,1007.82,0.23,0.42
2,Mixed Use Centers & Corridors,Urban Residential,2,Urban Residential,244.12,440.92,117.07,211.46,232.45,0.48,0,0,0,117.07,0,0,0,211.46,26.43,47.73,47.73,0.55,12.32,14.1,0,8516.12,5192.33,0,22.26,25.47,0,15381.84,9378.4,0,200,0.28,0.96,27601.69,0.08,0.4,0.03,0,0,0,0,140652.91,0,0,0,0,254047.69,109.71,198.16,0.94,0,0,0,0,0,0,0.05,0.05,0,0,0,0,0.5,0.25,0.26,0.55,#CC5500,204,85,0,546.72,214.53,761.25,25933.35,5622.58,31555.94,21.85,1.18,23.03,280.38,166.93,338.55,108.76,447.31,3.09,4.12,20893.29,695.18,2658.27,125.07,3505.46,125.07,696.96,0,1289.38,7312.92,929.06,0,0,0,37737.52,1255.63,4801.37,225.9,6331.58,225.9,1258.85,0,2328.87,13208.61,1678.08,0,0,0,1193.12,420.55,2155.02,759.59,0.23,0.42
3,Mixed Use Centers & Corridors,Urban Commercial,3,Urban Commercial,28.04,50.64,14.62,26.41,158.24,0.07,0,0,0,14.62,0,0,0,26.41,445.31,804.31,804.31,0.55,29.11,416.2,0,16978.92,106620.57,0,52.58,751.74,0,30667.37,192578.38,0,200,0.28,1.69,27601.69,0.07,0,0.48,0,0,0,0,19580.9,0,0,0,0,35367.08,13.77,24.87,0.94,0,0,0,0,0,0,0.46,0.01,0,0,0,0.45,0.09,0.08,0.02,0.55,#5D2682,93,38,130,69.92,2059.69,2129.6,3268.01,33523.83,36791.84,19.43,0.18,19.61,784.37,194.63,43.04,935.96,979,3.13,2.1,2926.28,4281.27,101931.04,953.76,4632.57,953.76,0,0,1289.38,7893.71,7085.11,0,0,0,5285.46,7732.84,184108.12,1722.69,8367.36,1722.69,0,0,2328.87,14257.65,12797.14,0,0,0,177.53,2288.82,320.65,4134.08,0,0
4,Mixed Use Centers & Corridors,City Mixed Use,4,City Mixed Use,62.86,112.24,30.49,54.45,93.42,0.3,0,0,0.64,29.85,0,0,1.14,53.31,109.34,195.24,204.56,0.53,22.02,87.32,0,14312.52,24405.23,0,39.32,155.92,0,25558.07,43580.77,0,200,0.28,1.43,27878.4,0.2,0.1,0.21,0,0,0,1215.19,36159.13,0,0,0,2169.99,64569.87,28.61,51.09,0.94,0.03,0,0,0,0.03,0,0.23,0.05,0,0,0,0.18,0.3,0.14,0.16,0.56,#C20000,194,0,0,142.72,628.34,771.05,6862.02,12064.14,18926.15,10.02,0.34,10.36,283.99,100.12,88.86,295.25,384.11,3.11,2.7,5366.74,3249.01,20558.9,809.52,4342.5,809.52,696.96,0,1289.38,4456.95,6013.56,0,0,0,9583.47,5801.8,36712.31,1445.57,7754.46,1445.57,1244.57,0,2302.46,7958.85,10738.51,0,0,0,704.06,1321.58,1257.24,2359.96,0.23,0.41
5,Mixed Use Centers & Corridors,City Residential,5,City Residential,96.78,172.81,46.11,82.34,90.42,0.48,0,0,3.07,43.04,0,0,5.48,76.86,14.5,25.89,33.52,0.43,9.1,5.4,0,5751.17,2939.9,0,16.26,9.64,0,10269.95,5249.83,0,200,0.28,0.66,27878.4,0.07,0.41,0.03,0,0,0,5714.41,47770.1,0,0,0,10204.3,85303.75,43.29,77.31,0.94,0.13,0,0,0,0.13,0,0.05,0.05,0,0,0,0,0.38,0.15,0.23,0.56,#E66A05,230,106,5,213.44,141.23,354.67,10680.06,4022.43,14702.49,8.95,0.5,9.45,130.63,77.78,135.11,73.29,208.41,3.12,5.06,7147.96,1109.16,513.03,128.72,2233.84,128.72,696.96,0,1289.38,4456.95,956.19,0,0,0,12764.21,1980.64,916.13,229.85,3988.99,229.85,1244.57,0,2302.46,7958.85,1707.48,0,0,0,1711.89,381.03,3056.94,680.41,0.23,0.41
6,Mixed Use Centers & Corridors,City Commercial,6,City Commercial,23.01,41.09,12.31,21.97,93.22,0.09,0,0,0,12.31,0,0,0,21.97,195.85,349.74,349.74,0.56,27.09,168.77,0,15925.47,46559.9,0,48.37,301.37,0,28438.34,83142.69,0,200,0.28,1.54,27878.4,0.09,0,0.46,0,0,0,0,14467.84,0,0,0,0,25835.43,11.6,20.71,0.94,0,0,0,0,0,0,0.43,0.01,0,0,0,0.42,0.13,0.08,0.06,0.56,#862C90,134,44,144,57.42,1050.01,1107.43,2740.45,18979.67,21720.13,9.98,0.17,10.15,407.88,114.9,35.65,487.14,522.78,3.07,2.49,2106.23,4986.24,42021.99,876.23,4255.99,876.23,0,0,1289.38,8000.9,6509.16,0,0,0,3761.12,8904,75039.27,1564.7,7599.98,1564.7,0,0,2302.46,14287.32,11623.5,0,0,0,290.01,2104.25,517.87,3757.58,0,0
7,Mixed Use Centers & Corridors,Town Mixed Use,7,Town Mixed Use,33.73,60.23,15.48,27.64,45.41,0.33,0,0,3.01,12.47,0,0,5.38,22.26,62.03,110.77,140.98,0.44,23.05,38.98,0,11695.96,13947.13,0,41.16,69.61,0,20885.64,24905.59,0,200,0.28,1.12,27878.4,0.16,0.17,0.15,0,0,0,5718.56,13555.04,0,0,0,10211.71,24205.43,14.56,26,0.94,0.12,0,0,0,0.12,0,0.22,0.08,0,0,0,0.14,0.22,0.04,0.18,0.56,#E61414,230,20,20,71.47,419.17,490.64,3888.99,8046.66,11935.66,5.91,0.21,6.13,180.71,63.14,46.9,196.95,243.85,3.22,3.18,1983.8,5323.26,9087.79,802.4,4068.18,802.4,1132.56,0,1289.38,19.57,5960.71,0,0,0,3542.49,9505.82,16228.2,1432.86,7264.6,1432.86,2022.43,0,2302.46,34.95,10644.12,0,0,0,921.37,1104.45,1645.31,1972.24,0.39,0.71
8,Mixed Use Centers & Corridors,Town Residential,8,Town Residential,47.99,74.48,21.24,32.96,37.64,0.56,0,0.75,6.79,13.7,0,1.16,10.54,21.26,10.58,16.43,34.62,0.31,6.08,4.5,0,3221.87,3035.49,0,9.44,6.99,0,5000.51,4711.22,0,220,0.32,0.66,31550.93,0.08,0.48,0,1587.58,1587.58,0,12645.86,16298.43,2463.99,2463.99,0,19627,25295.96,20.07,31.14,0.94,0.34,0.06,0.06,0,0.28,0,0.08,0.08,0,0,0,0,0.23,0.06,0.17,0.64,#FA7E0A,250,126,10,100.85,110.67,211.51,5977.36,2754.81,8732.17,4.59,0.43,5.02,77.9,46.19,68.76,55.33,124.1,3.43,5.23,2360.67,2678.73,0,187.51,1345.29,187.51,1132.56,0,1289.38,0,1392.94,0,0,0,3663.88,4157.51,0,291.03,2087.95,291.03,1757.79,0,2001.17,0,2161.91,0,0,0,2891.13,538.56,4487.17,835.88,0.39,0.61
9,Mixed Use Centers & Corridors,Town Commercial,9,Town Commercial,10.16,18.15,4.9,8.75,44.52,0.09,0,0,0,4.9,0,0,0,8.75,100.09,178.74,178.74,0.56,55.46,44.63,0,32532.44,17179.28,0,99.04,79.7,0,58093.64,30677.28,0,200,0.28,0.8,27878.4,0.09,0,0.46,0,0,0,0,5309.15,0,0,0,0,9480.62,4.59,8.19,0.94,0,0,0,0,0,0,0.45,0.01,0,0,0,0.44,0.11,0.03,0.08,0.56,#B12F9C,179,47,156,22.38,740.31,762.7,1080.03,14491.87,15571.9,6.55,0.07,6.62,280.91,82.38,13.96,349.33,363.29,3.04,3.49,758.87,11218.98,6942.07,2233.77,10849.76,2233.77,0,0,1289.38,22.42,16593.75,0,0,0,1355.12,20033.89,12396.55,3988.88,19374.58,3988.88,0,0,2302.46,40.04,29631.7,0,0,0,221.61,1029.09,395.73,1837.66,0,0
10,Mixed Use Centers & Corridors,Village Mixed Use,10,Village Mixed Use,27.06,47.46,11.26,19.75,25.53,0.42,0,0.91,7.38,2.98,0,1.59,12.94,5.22,11.01,19.31,54.35,0.2,6.16,4.85,0,3275.5,3349.3,0,10.8,8.5,0,5744.48,5873.91,0,220,0.3,0.77,29629.5,0.05,0.37,0.07,2001.01,2001.01,0,14016.18,3260.04,3509.31,3509.31,0,24581.17,5717.37,10.74,18.84,0.95,0.37,0.07,0.07,0,0.29,0,0.13,0.08,0,0,0,0.05,0.07,0.02,0.05,0.57,#FF5252,255,82,82,54.83,121.22,176.05,3909.64,3008.19,6917.83,2.85,0.42,3.28,64.84,36.6,40.88,60.56,101.44,3.81,5.5,452.34,3242.19,0,226.95,1102.35,226.95,1132.56,0,1289.38,33.31,1685.94,0,0,0,793.3,5686.06,0,398.02,1933.26,398.02,1986.25,0,2261.27,58.42,2956.75,0,0,0,2134.41,588.02,3743.27,1031.26,0.39,0.69
11,Mixed Use Centers & Corridors,Village Residential,11,Village Residential,26.3,42.28,10.38,16.69,19.16,0.54,0,2.48,7.07,0.65,0,3.99,11.37,1.04,3.75,6.03,38.96,0.1,1.29,2.46,0,646.05,2421.94,0,2.08,3.95,0,1038.53,3893.31,0,180,0.32,1.05,31889.27,0.02,0.53,0,5558.96,5558.96,0,13432.89,699.89,8936.13,8936.13,0,21593.62,1125.08,9.97,16.03,0.96,0.53,0.24,0.24,0,0.28,0,0.08,0.08,0,0,0,0,0.02,0,0.02,0.62,#FF901A,255,144,26,52.94,49.38,102.32,3984.19,1746.27,5730.46,2.33,0.88,3.21,37.69,30.31,40.57,27.43,68,4.07,7.31,104.98,646.05,0,45.22,219.66,45.22,1132.56,0,1289.38,0,335.95,0,0,0,168.76,1038.53,0,72.7,353.1,72.7,1820.61,0,2072.7,0,540.04,0,0,0,4011.72,470.45,6448.91,756.25,0.39,0.63
12,Mixed Use Centers & Corridors,Village Commercial,12,Village Commercial,5.72,10.03,2.84,4.99,33.85,0.06,0,0,0,2.84,0,0,0,4.99,48.61,85.25,85.25,0.57,31.96,16.65,0,17726.69,7709.01,0,56.04,29.2,0,31088.55,13519.84,0,230,0.3,0.6,29629.5,0.06,0,0.5,0,0,0,0,3134.23,0,0,0,0,5496.73,2.66,4.67,0.94,0,0,0,0,0,0,0.49,0.01,0,0,0,0.48,0.08,0,0.08,0.57,#DC41B8,220,65,184,13.12,511.45,524.57,628.37,9712.46,10340.82,3.44,0.05,3.49,193.21,54.7,8.16,239.75,247.91,3.06,4.93,470.13,17688.62,0,1238.2,6014.13,1238.2,0,0,1289.38,38.07,9198.08,0,0,0,824.51,31021.79,0,2171.53,10547.41,2171.53,0,0,2261.27,66.76,16131.33,0,0,0,86.93,970.84,152.46,1702.63,0,0
13,Mixed Use Centers & Corridors,Neighborhood Residential,13,Neighborhood Residential,15.81,24.78,6.03,9.45,10.43,0.58,0.66,4.48,0,0.46,1.04,7.02,0,0.72,3.27,5.13,45.72,0.07,0.92,2.35,0,459.23,2160.58,0,1.44,3.69,0,719.81,3386.53,0,180,0.33,1.13,32582.5,0.01,0.57,0,12580.59,9896.29,2684.29,0,497.5,19719.06,15511.65,4207.41,0,779.8,5.83,9.14,0.97,0.57,0.57,0.45,0.12,0,0,0.06,0.06,0,0,0,0,0.01,0,0.01,0.64,#FFA733,255,167,51,33.6,42.46,76.06,2292.72,1598.87,3891.59,1.43,1.74,3.17,28.01,20.59,24.5,24.1,48.6,4.2,7.36,74.63,459.23,0,32.15,156.14,32.15,871.2,0,1289.38,0,238.8,0,0,0,116.97,719.81,0,50.39,244.74,50.39,1365.54,0,2020.99,0,374.3,0,0,0,6413.03,352.84,10051.9,553.04,0.29,0.46
14,Mixed Use Centers & Corridors,Neighborhood Low,14,Neighborhood Low,11.78,18.46,4.42,6.93,7.65,0.58,1.65,2.5,0,0,2.59,3.93,0,0,2.35,3.69,39.22,0.06,0,2.35,0,0,2160.58,0,0,3.69,0,0,3386.53,0,230,0.33,1.57,32582.5,0,0.58,0,12721.93,6011.2,6710.73,0,0,19940.61,9422.07,10518.53,0,0,4.28,6.71,0.97,0.58,0.58,0.29,0.29,0,0,0.06,0.06,0,0,0,0,0,0,0,0.64,#FFBA42,255,186,66,23.47,29.81,53.27,1501.86,1377.89,2879.75,1.04,2.34,3.38,19.62,15.23,16.59,18.27,34.86,3.87,7.76,0,0,0,0,0,0,871.2,0,1289.38,0,0,0,0,0,0,0,0,0,0,0,1365.54,0,2020.99,0,0,0,0,0,6359.52,352.84,9968.04,553.04,0.29,0.46
15,Employment Areas,Office Focus,15,Office Focus,1.19,1.7,0.71,1.02,21.95,0,0,0,0,0.71,0,0,0,1.02,48.38,69.22,69.22,0.7,3.45,44.84,0.08,7036.64,17684.27,84.8,4.94,64.16,0.12,10068.21,25303.11,121.33,45,0.07,1.33,34364.35,0,0,0.65,0,0,0,0,837.8,0,0,0,0,1198.75,0.67,0.95,0.94,0,0,0,0,0,0,0.67,0.05,0,0,0,0.62,0.03,0,0.03,0.7,#8764A6,134,100,166,3.32,392.92,396.24,157.59,10486.21,10643.8,1.99,0.05,2.05,145.94,56.31,2.06,200.19,202.25,3.09,4.14,125.67,0,11020.9,440.01,2137.2,440.01,0,0,6446.88,44.09,3268.67,84.8,0,0.08,179.81,0,15768.98,629.58,3057.97,629.58,0,0,9224.36,63.09,4676.89,121.33,0,0.12,100.7,1970.95,144.08,2820.08,0,0
16,Employment Areas,Mixed Office and R&D,16,Mixed Office and R&D,1.79,2.56,1.07,1.54,21.95,0,0,0,0,1.07,0,0,0,1.54,26.63,38.1,38.1,0.7,1.48,21.84,3.31,5910.67,7535.17,2872.39,2.11,31.25,4.73,8457.13,10781.51,4109.89,45,0.07,1.35,34364.35,0,0,0.7,0,0,0,0,1263.3,0,0,0,0,1807.57,1,1.44,0.94,0,0,0,0,0,0,0.65,0,0.03,0,0,0.62,0.05,0,0.05,0.7,#A981D5,169,129,213,5,195.93,200.93,237.62,3328.59,3566.22,2.18,0,2.18,74.01,18.87,3.1,89.77,92.87,3.09,3.37,189.5,0,7384.61,355.82,1728.25,355.82,0,0,0,66.49,2643.2,2872.39,0,3.31,271.13,0,10566.09,509.11,2472.82,509.11,0,0,0,95.14,3781.96,4109.89,0,4.73,151.84,-613.67,217.26,-878.06,0,0
17,Employment Areas,Office/Industrial,17,Office/Industrial,1.38,1.83,0.83,1.1,21.95,0,0,0,0,0.83,0,0,0,1.1,18.48,24.43,24.43,0.76,1.2,7.63,9.65,909.83,2540.24,11136.4,1.58,10.09,12.76,1202.78,3358.12,14721.99,40,0.06,1.24,36000,0,0,0.76,0,0,0,0,976.66,0,0,0,0,1291.12,0.78,1.03,0.94,0,0,0,0,0,0,0.72,0,0.05,0.33,0,0.34,0.04,0,0.04,0.76,#CF9DEC,207,157,236,3.87,43.29,47.16,183.71,717.85,901.56,3.81,0.03,3.84,17.37,4.77,2.4,19.74,22.14,3.09,1.07,146.5,0,1832.33,60.09,291.87,60.09,0,0,0,51.4,446.38,6878.97,4257.42,5.82,193.67,0,2422.28,79.44,385.84,79.44,0,0,0,67.95,590.11,9093.8,5628.19,7.7,117.39,633.05,155.18,836.87,0,0
18,Employment Areas,Low-Density Employment Park,18,Industrial Focus,0,0,0,0,0,0,0,0,0,0,0,0,0,0,12.39,16.63,16.63,0.75,1.59,2.39,8.41,1192.94,858.11,10221.76,2.13,3.2,11.29,1600.5,1151.27,13713.92,35,0.06,1.17,36388.14,0,0,0.75,0,0,0,0,0,0,0,0,0,0,0,0,0,0,0,0,0,0,0,0.75,0,0.15,0.41,0,0.19,0,0,0,0.75,#E6CCFF,230,204,255,0,23.44,23.44,0,454.77,454.77,3.11,0.02,3.13,8.63,2.41,0,11.04,11.04,0,0.89,0,0,397.73,83.51,405.6,83.51,0,0,0,0,620.33,7327.97,2893.79,5.78,0,0,533.61,112.03,544.17,112.03,0,0,0,0,832.26,9831.49,3882.43,7.76,0,719.57,0,965.4,0,0
19,Employment Areas,Low-Density Employment Park,19,Low-Density Employment Park,0,0,0,0,0,0,0,0,0,0,0,0,0,0,6.08,10.86,10.86,0.56,0.31,1.7,4.07,235.35,711.16,5918.3,0.56,3.04,7.26,420.27,1269.93,10568.4,35,0.09,1.69,33608.66,0,0,0.56,0,0,0,0,0,0,0,0,0,0,0,0,0,0,0,0,0,0,0,0.56,0,0.03,0.34,0.08,0.11,0,0,0,0.56,#EEE5FF,238,229,255,0,13.33,13.33,0,214.32,214.32,1.49,0.07,1.56,4.91,1.13,0,6.04,6.04,2.67,0.99,0,0,597.64,16.47,80.02,16.47,0,0,0,0,122.38,4838.67,1079.64,3.38,0,0,1067.22,29.42,142.89,29.42,0,0,0,0,218.54,8640.48,1927.92,6.04,19.8,3132.16,35.36,5593.14,0,0
20,Suburban,High Intensity Activity Center,20,High Intensity Activity Center,57,82.3,28.46,41.09,63.21,0.42,0,0,1.39,27.07,0,0,2,39.09,81.66,117.9,138.71,0.59,58.37,23.28,0,32400.5,9508.01,0,84.28,33.62,0,46783,13728.59,0,130,0.12,0.41,32781.95,0.31,0.1,0.28,0,0,0,2318.44,30204.4,0,0,0,3347.59,43612.06,26.77,38.66,0.94,0.1,0,0,0,0.07,0.03,0.24,0,0,0,0,0.24,0.35,0.31,0.03,0.69,#F679AB,246,121,171,130.41,672.66,803.08,6515.2,14682.11,21197.31,9.9,0.32,10.22,295.79,112.13,82.5,325.42,407.92,3.08,3.99,4116.24,13270.18,0,1968.97,9563.55,1968.97,0,0,0,10056.05,14626.61,0,0,0,5943.43,19160.78,0,2842.99,13808.79,2842.99,0,0,0,14519.91,21119.32,0,0,0,2295.29,750.6,3314.17,1083.79,0,0
21,Suburban,Mid Intensity Activity Center,21,Mid Intensity Activity Center,15.86,22.9,7.03,10.14,28.98,0.21,0,0,3.35,3.67,0,0,4.84,5.3,43.82,63.28,84.37,0.52,35.89,7.94,0,28795.49,4161.39,0,51.82,11.46,0,41577.74,6008.62,0,70,0.12,0.26,32781.95,0.03,0.17,0.48,0,0,0,5388.52,3856.72,0,0,0,7780.47,5568.71,6.65,9.61,0.95,0.17,0,0,0,0.14,0.03,0.45,0,0.31,0,0,0.14,0.07,0,0.07,0.69,#FF9B99,255,155,153,32.73,401.84,434.57,2077.42,8470.2,10547.61,4.25,0.1,4.35,160.06,55.8,23.05,192.81,215.86,3.46,4.4,579.02,1375.68,0,1906.8,9261.6,1906.8,0,0,0,47.06,14164.81,0,0,0,836.04,1986.34,0,2753.22,13372.81,2753.22,0,0,0,67.95,20452.53,0,0,0,2118.21,1122.89,3058.47,1621.34,0,0
22,Suburban,Low Intensity Retail-Centered N'Hood,22,Low Intensity Retail-Centered N'Hood,10.15,13.67,4.05,5.46,10.86,0.36,0.36,2,0.48,0.82,0.48,2.69,0.64,1.11,3.48,4.68,9.12,0.38,3.03,0.44,0,2290.18,1146.69,0,4.09,0.6,0,3086.66,1545.49,0,65,0.1,0.17,34933.39,0,0.36,0.26,6239.02,4794.78,1444.25,759.62,850.06,8408.84,6462.31,1946.53,1023.8,1145.69,3.89,5.25,0.96,0.36,0.33,0.27,0.06,0.02,0.01,0.37,0.12,0.22,0,0,0.03,0.01,0,0.01,0.74,#FFB0AD,255,176,173,20.12,39.54,59.66,1250.16,930.71,2180.88,1.07,1.17,2.24,21.97,11.54,14.02,19.49,33.51,3.6,5.61,127.6,0,0,159.13,772.91,159.13,1089,0,0,16.91,1182.1,0,0,0,171.98,0,0,214.47,1041.72,214.47,1467.73,0,0,22.79,1593.22,0,0,0,4395.79,1514.77,5924.56,2041.57,0.33,0.44
23,Suburban,Retail: Strip Mall/ Big Box,23,Retail: Strip Mall/ Big Box,0,0,0,0,0,0,0,0,0,0,0,0,0,0,16.22,21.23,21.23,0.76,14.91,1.32,0,11303.61,653,0,19.51,1.72,0,14792.61,854.55,0,60,0.09,0.11,35899.51,0,0,0.76,0,0,0,0,0,0,0,0,0,0,0,0,0,0,0,0,0,0,0,0.76,0,0.38,0,0,0.38,0,0,0,0.76,#FFCCCC,255,204,204,0,158.86,158.86,0,3404.65,3404.65,1.15,0.06,1.2,58.51,18.01,0,76.52,76.52,0,4.72,0,0,0,791.25,3843.23,791.25,0,0,0,0,5877.88,0,0,0,0,0,0,1035.48,5029.49,1035.48,0,0,0,0,7692.16,0,0,0,0,2426.22,0,3175.1,0,0
24,Suburban,Industrial/Office/Res Mixed High,24,Industrial/Office/Res Mixed High,20.24,26.49,8.75,11.46,25.46,0.34,0,1.84,1.74,5.08,0,2.41,2.28,6.65,14.98,19.6,35.63,0.42,0.44,8.03,6.5,324.81,2710.24,7430.32,0.58,10.51,8.5,425.06,3546.79,9723.77,60,0.09,1.27,35899.51,0,0.34,0.42,3862.61,3862.61,0,2834.46,4873.06,5054.85,5054.85,0,3709.35,6377.18,8.3,10.86,0.95,0.34,0.15,0.15,0,0.08,0.11,0.42,0,0.04,0.15,0,0.23,0,0,0,0.76,#FBC781,251,199,129,43.17,37.27,80.44,2666.45,565.88,3232.34,4.24,0.4,4.64,29.63,17.1,30.01,16.72,46.73,3.62,1.12,731.15,0,1950.22,22.74,110.43,22.74,0,0,0,0,168.9,2233.48,5196.83,1.57,956.82,0,2552.18,29.75,144.52,29.75,0,0,0,0,221.03,2922.88,6800.9,2.06,3371.8,-47.13,4412.55,-61.68,0,0
25,Suburban,Industrial/Office/Res Mixed Low,25,Industrial/Office/Res Mixed Low,13.96,18.27,5.69,7.44,16.54,0.34,0.22,1.86,1.74,1.69,0.29,2.43,2.28,2.22,5.9,7.72,14.04,0.42,0.41,2.52,2.97,307.83,1047.34,4443.93,0.54,3.29,3.89,402.85,1370.62,5815.6,60,0.09,1.22,35899.51,0,0.34,0.42,5071.58,4184.38,887.2,2834.46,1624.35,6636.99,5475.94,1161.04,3709.35,2125.73,5.44,7.12,0.96,0.34,0.23,0.19,0.04,0.08,0.04,0.42,0,0.04,0.15,0.04,0.19,0,0,0,0.76,#FCDBAE,252,219,174,28.96,18,46.96,1935.13,288.44,2223.57,2.29,0.79,3.08,17.3,11.76,20.9,8.16,29.06,3.84,1.38,243.84,0,815.5,21.55,104.66,21.55,0,0,0,0,160.07,2234.13,2209.8,1.57,319.1,0,1067.22,28.2,136.97,28.2,0,0,0,0,209.48,2923.72,2891.88,2.06,3930.08,1077.92,5143.15,1410.63,0,0
26,Suburban Residential,Suburban Multifamily,26,Suburban Multifamily,47.27,66.62,21.27,29.98,35.56,0.6,0,0,5.92,15.35,0,0,8.34,21.64,0.54,0.76,4.85,0.11,0.33,0.21,0,248.09,741.36,0,0.47,0.3,0,349.69,1044.95,0,90,0.14,0.55,33518.01,0,0.6,0.03,0,0,0,9567.39,14718.84,0,0,0,13485.3,20746.33,20.05,28.26,0.94,0.6,0,0,0,0.25,0.35,0.11,0.08,0.03,0,0,0,0,0,0,0.71,#FECF58,254,207,88,97.52,8.54,106.06,5615.43,237.64,5853.07,3.96,0.24,4.2,39.06,30.96,65.62,4.4,70.03,3.27,8.14,2208.6,0,0,17.37,84.35,17.37,740.52,0,0,0,129.01,0,0,0,3113.04,0,0,24.48,118.9,24.48,1043.77,0,0,0,181.84,0,0,0,5407,573.27,7621.21,808.03,0.21,0.29
27,Suburban Residential,Suburban Mixed Residential,27,Suburban Mixed Residential,28.29,39.87,11.96,16.86,20.32,0.59,0.43,2.21,3.62,5.49,0.6,3.12,5.1,7.74,0.56,0.79,4.61,0.12,0.33,0.23,0,244.15,850.25,0,0.46,0.33,0,344.14,1198.43,0,90,0.14,0.59,33518.01,0,0.59,0.03,6807.55,5081.4,1726.15,5856.61,5267.28,9595.3,7162.28,2433.02,8254.94,7424.27,11.37,16.03,0.95,0.59,0.31,0.24,0.07,0.15,0.12,0.12,0.09,0.03,0,0,0,0,0,0,0.71,#FEE567,254,229,103,58.34,9.22,67.56,3686.6,260.41,3947.01,2.36,1.19,3.55,24.88,20.88,40.99,4.78,45.76,3.6,8.57,790.55,0,0,17.09,83.01,17.09,849.42,0,0,0,126.96,0,0,0,1114.28,0,0,24.09,117.01,24.09,1197.26,0,0,0,178.95,0,0,0,6379.66,630.44,8992.17,888.62,0.23,0.32
28,Suburban Residential,Residential Subdivision,28,Residential Subdivision,12.87,18.14,4.83,6.81,8.63,0.56,0.27,3.89,0,0,0.38,5.49,0,0,0.64,0.9,4.26,0.15,0.31,0.33,0,232.33,1111.57,0,0.44,0.46,0,327.47,1566.76,0,90,0.14,0.72,33518.01,0,0.56,0.03,10439.36,9343.43,1095.93,0,0,14714.36,13169.64,1544.72,0,0,4.68,6.6,0.97,0.56,0.56,0.5,0.06,0,0,0.15,0.12,0.03,0,0,0,0,0,0,0.71,#FEF295,254,242,149,26.24,10.84,37.08,1694.99,314.35,2009.34,1.08,1.85,2.93,13.66,10.63,18.63,5.66,24.29,3.98,8.89,0,0,0,16.26,78.99,16.26,1110.78,0,0,0,120.81,0,0,0,0,0,0,22.92,111.34,22.92,1565.65,0,0,0,170.28,0,0,0,7209.92,801.96,10162.44,1130.37,0.33,0.46
29,Suburban Residential,Large Lot Residential Area,29,Large Lot Residential Area,6.4,8.25,2.4,3.09,3.56,0.67,2.4,0,0,0,3.09,0,0,0,0.44,0.56,4.33,0.1,0.22,0.22,0,164.5,741.08,0,0.28,0.28,0,212.09,955.45,0,20,0.09,0.64,36400,0,0.67,0.02,9698.34,0,9698.34,0,0,12503.84,0,12503.84,0,0,2.33,3,0.97,0.67,0.67,0,0.67,0,0,0.1,0.08,0.02,0,0,0,0,0,0,0.78,#FEF6A9,254,246,169,9.43,7.36,16.79,515.97,212.46,728.43,0.54,1.82,2.37,6.19,3.85,6.2,3.84,10.04,2.67,8.77,0,0,0,11.52,55.93,11.52,740.52,0,0,0,85.54,0,0,0,0,0,0,14.85,72.11,14.85,954.73,0,0,0,110.29,0,0,0,9887.74,538.63,12748.03,694.44,0.22,0.28
30,Rural,Rural Residential,30,Rural Residential,1.06,1.25,0.39,0.46,0.49,0.8,0.39,0,0,0,0.46,0,0,0,0.11,0.13,2.25,0.05,0,0.11,0,0,370.26,0.14,0,0.13,0,0,435.16,0.16,15,0.05,1.18,39241.37,0,0.8,0.01,1414.39,0,1414.39,0,0,1662.31,0,1662.31,0,0,0.38,0.45,0.97,0.8,0.8,0,0.8,0,0,0.05,0.04,0,0,0.01,0,0,0,0,0.85,#EBE07A,235,224,122,1.55,2.53,4.08,84.91,81.46,166.36,0.09,0.22,0.31,1.5,0.88,1.02,1.36,2.38,2.67,12.55,0,0,0,0,0,0,370.26,0,0,0,0,0.14,0,0,0,0,0,0,0,0,435.16,0,0,0,0,0.16,0,0,16711.46,531.98,19640.72,625.23,0.11,0.13
31,Rural,Rural Ranchettes,31,Rural Ranchettes,0.39,0.43,0.15,0.16,0.16,0.92,0.15,0,0,0,0.16,0,0,0,0,0,0.01,0.01,0,0,0,0,0,0.16,0,0,0,0,0,0.17,10,0.03,1.08,41645.51,0,0.92,0.01,508.48,0,508.48,0,0,549.09,0,549.09,0,0,0.14,0.15,0.97,0.92,0.92,0,0.92,0,0,0.01,0,0,0,0.01,0,0,0,0,0.93,#DCC156,220,193,86,0.57,0,0.57,31.24,0,31.24,0.03,0.07,0.1,0.21,0.17,0.38,0,0.38,2.67,0,0,0,0,0,0,0,0,0,0,0,0,0.16,0,0,0,0,0,0,0,0,0,0,0,0,0,0.17,0,0,19619.88,338.91,21186.65,365.98,0,0
32,Rural,Rural Employment,32,Rural Employment,0.02,0.02,0.01,0.01,0.16,0.05,0.01,0,0,0,0.01,0,0,0,0.01,0.01,0.01,0.89,0,0,0.01,0,0,15.01,0,0,0.01,0,0,16.01,10,0.02,1.07,42143.51,0,0.05,0.89,26,0,26,0,0,27.73,0,27.73,0,0,0.01,0.01,0.98,0.05,0.05,0,0.05,0,0,0.89,0,0,0,0.89,0,0,0,0,0.94,#BCD397,188,211,151,0.03,0,0.03,1.62,0,1.62,0,0.75,0.76,0.01,0.01,0.02,0,0.02,2.67,0,0,0,0,0,0,0,0,0,0,0,0,15.01,0,0.01,0,0,0,0,0,0,0,0,0,0,0,16.01,0,0.01,1212.96,32594.35,1293.84,34767.98,0,0
33,Institutional,Campus/ University,33,Campus/ University,63.23,91.84,30.01,43.58,117.63,0.26,0,0,0,30.01,0,0,0,43.58,24.89,36.15,36.15,0.69,3.68,21.21,0,3825.69,12696.77,0,5.34,30.81,0,5556.32,18440.42,0,150,0.09,1.24,35219.54,0,0.26,0.01,0,0,0,0,33155.52,0,0,0,0,48154.11,28.1,40.82,0.94,0,0,0,0,0,0,0.43,0.42,0,0,0,0.01,0.26,0.12,0.13,0.69,#365F91,54,95,145,138.54,207.57,346.11,6629.59,6632.23,13261.83,6.33,0.36,6.69,127.48,70.16,86.1,111.53,197.63,3.06,4.48,4989.62,0,0,110.54,2100.22,110.54,0,9931.68,2578.75,0,821.14,0,0,0,7246.79,0,0,160.54,3050.29,160.54,0,14424.48,3745.3,0,1192.6,0,0,0,580.09,2514.11,842.51,3651.42,16.55,24.04
34,Institutional,Institutional,34,Institutional,3.25,5.2,1.48,2.37,43.85,0.03,0,0.24,0,1.24,0,0.38,0,1.99,114.36,183.06,189.89,0.6,1.14,112.06,1.16,3771.19,60232.97,1251.53,1.82,179.38,1.85,6036.75,96418.25,2003.39,130,0.16,1.58,32439.35,0,0.03,0.19,570.18,570.18,0,0,1308.27,912.71,912.71,0,0,2094.22,1.39,2.23,0.94,0.02,0.02,0.02,0,0,0,0.59,0.4,0.01,0.01,0.03,0.13,0.01,0,0.01,0.62,#538DD5,83,141,213,7.41,1143.22,1150.63,396.27,50465.68,50861.95,4.78,0.2,4.98,423.8,269.06,4.83,688.03,692.86,3.47,6.02,196.24,0,8508.64,225.76,1141.88,225.76,0,0,51575.04,0,1677.05,379.12,872.4,0.37,314.13,0,13620.25,361.38,1827.87,361.38,0,0,82559.02,0,2684.55,606.89,1396.5,0.58,314.19,4073.56,502.95,6520.78,0,0
35,Parks,Parks & Open Space,35,Parks & Open Space,3.34,36.53,2.01,21.95,21.95,0,0,0,0,2.01,0,0,0,21.95,0.12,1.3,1.3,0.09,0.12,0,0,124.39,0,0,1.3,0,0,1359.07,0,0,50,0.03,0,38834.83,0,0,0.09,0,0,0,0,2363.39,0,0,0,0,25822.37,1.88,20.52,0.94,0,0,0,0,0,0,0,0,0,0,0,0,0.09,0,0.09,0.09,#7DBD4C,125,189,76,9.36,1.22,10.58,444.54,47.27,491.81,0.29,0.02,0.31,3.9,2.6,5.8,0.7,6.5,3.09,5.88,354.51,0,0,0,0,0,0,0,0,124.39,0,0,0,0,3873.36,0,0,0,0,0,0,0,0,1359.07,0,0,0,0,284.06,14.95,3103.65,163.35,0,0
